insert into oem.oem_companies (company_id, company_name, company_email, logo_url, default_quote_expiration, bank_name, bank_account_number, bank_routing_number, phone, deal_attributes, settings, permit_credit_cards, is_permit_signing, is_enabled, created_at, updated_at, subdomain, email_domain, website_url, quote_template)
values  (9, 'Brian Demo', 'demo+brian@vendori.com', 'https://files.vendori.com/images/c2c895e3-53f1-4de6-8fdc-232cf29f7486.png?Expires=1715867213&Policy=eyJTdGF0ZW1lbnQiOlt7IlJlc291cmNlIjoiaHR0cHM6Ly9maWxlcy52ZW5kb3JpLmNvbS9pbWFnZXMvYzJjODk1ZTMtNTNmMS00ZGU2LThmZGMtMjMyY2YyOWY3NDg2LnBuZyIsIkNvbmRpdGlvbiI6eyJEYXRlTGVzc1RoYW4iOnsiQVdTOkVwb2NoVGltZSI6MTcxNTg2NzIxM319fV19&Signature=AtEXbbkIw2Vzevks3oQI5bISt6AP4C5vn8IXKz4Pa1cKsJ9GYEYQDu5dAlWaBRmdUBzPxJC5AflGUSFpkrvk1NPjoczEWZspD4kwDx1MkjbBy6r5OYpVIE6WhArU~hWj-OSBMkVbsMhDMPCLA2TGfMCnpgP1PXigdGx4H0JdJOMVJPjuEFESePmZ97FX~y9Sg8eOCihXm2VWrb4OHfVtyodaquWS240VJ8nDUwAyvl8L3Wb4kC6e30COPIamhLW0r6KnoVNJs43JGljC08CoIYN0plTnAjYiQ83ul0kmL3bOX4xnd6COklfojKsheUBoHEKXQJmPpv0zCoV9CtGm-Q__&Key-Pair-Id=K3W4UV0J4B6YE7', 90, 'Local Bank #4', '01234567890', '123456789', '+1 (123) 456-7890', '{Net New,Expansion,Renewal,Custom Billing,Custom Discount}', '{"companyPrimaryColor": {"a": 1, "b": 226, "g": 144, "r": 74}, "customListPriceName": "List Price", "defaultPaymentTerms": "2 Net 30", "startingQuoteNumber": 101, "customCustomerPriceName": "Price To Customer"}', 'All Products', true, true, '2023-02-27 17:18:52.491218 +00:00', '2023-02-27 17:18:52.491218 +00:00', 'brian', 'bloodandtreasure,vendori', 'www.vendori.com', 'ColoredLandscape');

insert into oem.oem_addresses (address_id, address_1, address_2, address_3, city, zip_code, region, country, phone, email, is_enabled, created_at, updated_at, company_id, address_type)
values  (12, '1 Main Street', 'Apt. 101', '', 'Springfield', '12345', 'Georgia', 'United States', '+1 (123) 456-7890', 'info@vendori.com', true, '2023-02-27 17:18:52.500279 +00:00', '2023-02-27 17:18:52.500279 +00:00', 6, 'Shipping');

insert into oem.oem_company_addresses (company_id, address_id, created_at, is_enabled)
values  (9, 12, '2023-06-12 02:29:51.123462 +00:00', true);

insert into oem.oem_roles (role_id, priority, company_id, role_name, role_type, data_access, create_access, is_active, is_export_right, is_enabled, updated_at, created_at)
values  (29, 1, 9, 'Admin', 'Admin', 'All', 'All', true, true, true, '2023-02-27 17:18:52.557098 +00:00', '2023-02-27 17:18:52.557098 +00:00'),
        (30, 2, 9, 'External', 'Quote Creator', 'Assigned Only', 'All', true, false, true, '2023-02-27 17:18:52.557098 +00:00', '2023-02-27 17:18:52.557098 +00:00'),
        (31, 3, 9, 'Deal Desk', 'Workflow Approver', 'Team & Sub-Hierarchy', 'All', true, true, true, '2023-02-27 17:18:52.557098 +00:00', '2023-02-27 17:18:52.557098 +00:00'),
        (32, 4, 9, 'Sales Mgt.', 'Workflow Approver', 'All', 'All', true, true, true, '2023-02-27 17:18:52.557098 +00:00', '2023-02-27 17:18:52.557098 +00:00'),
        (33, 5, 9, 'Sales', 'Quote Creator', 'Assigned Only', 'All', true, false, true, '2023-02-27 17:18:52.557098 +00:00', '2023-02-27 17:18:52.557098 +00:00'),
        (34, 6, 9, 'C-Suite', 'Workflow Approver', 'Assigned Only', 'View Only', true, false, true, '2023-02-27 17:18:52.557098 +00:00', '2023-02-27 17:18:52.557098 +00:00');

insert into oem.oem_approval_queue_priorities (approval_queue_priority_id, company_id, role_id, priority, is_active, is_enabled, created_at, updated_at)
values  (27, 9, 29, 1, false, true, '2023-02-27 17:18:52.889272 +00:00', '2023-02-27 17:18:52.889272 +00:00'),
        (28, 9, 30, 2, true, true, '2023-02-27 17:18:52.889272 +00:00', '2023-02-27 17:18:52.889272 +00:00'),
        (29, 9, 31, 3, true, true, '2023-02-27 17:18:52.889272 +00:00', '2023-02-27 17:18:52.889272 +00:00'),
        (30, 9, 32, 4, true, true, '2023-02-27 17:18:52.889272 +00:00', '2023-02-27 17:18:52.889272 +00:00'),
        (31, 9, 33, 5, false, true, '2023-02-27 17:18:52.889272 +00:00', '2023-02-27 17:18:52.889272 +00:00'),
        (32, 9, 34, 6, true, true, '2023-02-27 17:18:52.889272 +00:00', '2023-02-27 17:18:52.889272 +00:00');

insert into oem.oem_hierarchy_levels (hierarchy_level_id, company_id, level_name, hierarchy_type, level, is_editable, is_enabled, created_at, updated_at, is_active, is_global)
values  (41, 9, 'Global', 'User Geography', 0, true, true, '2023-05-04 00:57:08.520399 +00:00', '2023-05-04 00:57:08.520399 +00:00', true, true),
        (42, 9, 'Global ', 'Product Level', 0, true, true, '2023-05-04 00:57:08.520399 +00:00', '2023-05-04 00:57:08.520399 +00:00', true, true);

insert into oem.oem_hierarchy_levels (hierarchy_level_id, company_id, level_name, hierarchy_type, level, is_editable, is_enabled, created_at, updated_at, is_active, is_global)
values  (91, 9, 'Product LV-1', 'Product Level', 1, false, true, '2023-02-27 17:18:52.515244 +00:00', '2023-06-12 03:24:23.403341 +00:00', true, false),
        (92, 9, 'Product LV-8', 'Product Level', 8, true, true, '2023-02-27 17:18:52.515244 +00:00', '2023-06-12 03:24:23.403341 +00:00', false, false),
        (77, 9, 'Continent', 'User Geography', 1, false, true, '2023-02-27 17:18:52.515244 +00:00', '2023-06-12 03:24:23.403341 +00:00', true, false),
        (78, 9, 'Country', 'User Geography', 2, false, true, '2023-02-27 17:18:52.515244 +00:00', '2023-06-12 03:24:23.403341 +00:00', true, false),
        (79, 9, 'Region', 'User Geography', 3, false, true, '2023-02-27 17:18:52.515244 +00:00', '2023-06-12 03:24:23.403341 +00:00', true, false),
        (42, 9, 'Global ', 'Product Level', 0, true, true, '2023-05-04 00:57:08.520399 +00:00', '2023-05-04 00:57:08.520399 +00:00', true, true),
        (80, 9, 'City', 'User Geography', 4, true, true, '2023-02-27 17:18:52.515244 +00:00', '2023-06-12 03:24:23.403341 +00:00', true, false),
        (81, 9, 'Geo LV-7', 'User Geography', 7, true, true, '2023-02-27 17:18:52.515244 +00:00', '2023-06-12 03:24:23.403341 +00:00', false, false),
        (82, 9, 'Geo LV-8', 'User Geography', 8, true, true, '2023-02-27 17:18:52.515244 +00:00', '2023-06-12 03:24:23.403341 +00:00', false, false),
        (83, 9, 'District', 'User Geography', 5, true, true, '2023-02-27 17:18:52.515244 +00:00', '2023-06-12 03:24:23.403341 +00:00', false, false),
        (84, 9, 'Geo LV-6', 'User Geography', 6, true, true, '2023-02-27 17:18:52.515244 +00:00', '2023-06-12 03:24:23.403341 +00:00', false, false),
        (85, 9, 'Product LV-5', 'Product Level', 5, true, true, '2023-02-27 17:18:52.515244 +00:00', '2023-06-12 03:24:23.403341 +00:00', true, false),
        (86, 9, 'Product LV-6', 'Product Level', 6, true, true, '2023-02-27 17:18:52.515244 +00:00', '2023-06-12 03:24:23.403341 +00:00', true, false),
        (41, 9, 'Global', 'User Geography', 0, true, true, '2023-05-04 00:57:08.520399 +00:00', '2023-05-04 00:57:08.520399 +00:00', true, true),
        (87, 9, 'Product LV-7', 'Product Level', 7, true, true, '2023-02-27 17:18:52.515244 +00:00', '2023-06-12 03:24:23.403341 +00:00', true, false),
        (88, 9, 'Product LV-3', 'Product Level', 3, false, true, '2023-02-27 17:18:52.515244 +00:00', '2023-06-12 03:24:23.403341 +00:00', true, false),
        (89, 9, 'Product LV-4', 'Product Level', 4, true, true, '2023-02-27 17:18:52.515244 +00:00', '2023-06-12 03:24:23.403341 +00:00', true, false),
        (90, 9, 'Product LV-2', 'Product Level', 2, false, true, '2023-02-27 17:18:52.515244 +00:00', '2023-06-12 03:24:23.403341 +00:00', true, false);

insert into oem.oem_visible_product_fields (visible_product_field_id, company_id, custom_name, list_name, is_enabled, created_at, updated_at)
values  (25, 9, null, 'Gross Margin (%)', true, '2023-02-27 17:18:52.800201 +00:00', '2023-02-27 17:18:52.800201 +00:00'),
        (26, 9, null, 'Gross Margin ($)', true, '2023-02-27 17:18:52.800201 +00:00', '2023-02-27 17:18:52.800201 +00:00'),
        (27, 9, null, 'Relative Uplift - Customer Price (%)', true, '2023-02-27 17:18:52.800201 +00:00', '2023-02-27 17:18:52.800201 +00:00'),
        (28, 9, null, 'Relative Uplift - Customer Price ($)', true, '2023-02-27 17:18:52.800201 +00:00', '2023-02-27 17:18:52.800201 +00:00'),
        (29, 9, null, 'Relative Uplift - Net Price (%)', true, '2023-02-27 17:18:52.800201 +00:00', '2023-02-27 17:18:52.800201 +00:00'),
        (30, 9, null, 'Relative Uplift - Net Price ($)', true, '2023-02-27 17:18:52.800201 +00:00', '2023-02-27 17:18:52.800201 +00:00');

insert into oem.oem_salesforce_integrations (salesforce_integration_id, salesforce_url, company_id, salesforce_client_id, salesforce_client_secret, salesforce_username, salesforce_password, created_at, updated_at, is_enabled, settings)
values  (8, 'https://vendoriinc--dev1.sandbox.my.salesforce.com/', 9, '3MVG9ojmGst1I5HNLfHB.7VjlzwZ68sDjt_HvvjiZiNtjaM8GumLnrcMpvyKsmnwWA8tJLj3.dBPFKEKJHYnv ', '2F7465DC218BAD573C544913DABB124219BCBDFAB03EAE48A09CF30B10E3DEAF ', 'zaid.ali.vendori@10pearls.com.dev1 ', 'Tenpearls1! ', '2023-05-12 15:39:36.298657 +00:00', '2023-05-12 15:39:36.298657 +00:00', true, '{}');

insert into oem.oem_users (user_id, company_id, geo_hierarchy_id, role_id, organization_id, pre_populated_fields, image_url, first_name, last_name, notification_email, sso_login_email, phone, is_external, is_enabled, region, time_zone_area, is_hide_welcome_text, is_active, created_at, updated_at, company_channel_id, company_organisation_name, sf_user_id, sf_opportunity_contact_role_id, sf_contact_id)
values  (47, 9, 206, 29, null, '{Full Name}', 'https://files.vendori.com/images/f7fb8fe3-6f06-4838-9a40-5a039f84d246.png?Expires=1712945053&Policy=eyJTdGF0ZW1lbnQiOlt7IlJlc291cmNlIjoiaHR0cHM6Ly9maWxlcy52ZW5kb3JpLmNvbS9pbWFnZXMvZjdmYjhmZTMtNmYwNi00ODM4LTlhNDAtNWEwMzlmODRkMjQ2LnBuZyIsIkNvbmRpdGlvbiI6eyJEYXRlTGVzc1RoYW4iOnsiQVdTOkVwb2NoVGltZSI6MTcxMjk0NTA1M319fV19&Signature=aMDCnPfo1jp6tNC0cfQxH24CYXUrc2UqqCIkVmR9TcPSEDyrCakWnrb3FVVGjozemsLeWo-p5QiVxhJPZzFoqQPfoCgEVLBijxp~dYUYA19-h2~5SfOdIW5vQba7Sgtj2BSZYVg9SU81lxQCwtgoe0ClPp8nPFwh1sGd~R3T-7HXGnv8~pcZ26VtVG0Ii407XPWOIhNYurTLCAkwQ2pwBBnHjOeW7C4roTbDKEolXeLkV01B0xnlL6OuI5uIxq2USLvGns1I9tDTQyzkh8teo3dwT-u3kz-HbS-PX~q7F9acGc5YfrzQuV8BtSpMqRNdTErNTg~~qPswLyxnLS3Bug__&Key-Pair-Id=K3W4UV0J4B6YE7', 'Oscar', 'Vendori', 'oscar@bloodandtreasure.com', 'oscar@bloodandtreasure.com', null, false, true, 'America/Los_Angeles', 'America/Los_Angeles', false, true, '2023-04-10 08:43:59.787412 +00:00', '2023-04-10 08:43:59.787412 +00:00', null, null, null, null, null),
        (48, 9, 206, 29, null, null, 'https://files.vendori.com/images/f7fb8fe3-6f06-4838-9a40-5a039f84d246.png?Expires=1712945053&Policy=eyJTdGF0ZW1lbnQiOlt7IlJlc291cmNlIjoiaHR0cHM6Ly9maWxlcy52ZW5kb3JpLmNvbS9pbWFnZXMvZjdmYjhmZTMtNmYwNi00ODM4LTlhNDAtNWEwMzlmODRkMjQ2LnBuZyIsIkNvbmRpdGlvbiI6eyJEYXRlTGVzc1RoYW4iOnsiQVdTOkVwb2NoVGltZSI6MTcxMjk0NTA1M319fV19&Signature=aMDCnPfo1jp6tNC0cfQxH24CYXUrc2UqqCIkVmR9TcPSEDyrCakWnrb3FVVGjozemsLeWo-p5QiVxhJPZzFoqQPfoCgEVLBijxp~dYUYA19-h2~5SfOdIW5vQba7Sgtj2BSZYVg9SU81lxQCwtgoe0ClPp8nPFwh1sGd~R3T-7HXGnv8~pcZ26VtVG0Ii407XPWOIhNYurTLCAkwQ2pwBBnHjOeW7C4roTbDKEolXeLkV01B0xnlL6OuI5uIxq2USLvGns1I9tDTQyzkh8teo3dwT-u3kz-HbS-PX~q7F9acGc5YfrzQuV8BtSpMqRNdTErNTg~~qPswLyxnLS3Bug__&Key-Pair-Id=K3W4UV0J4B6YE7', 'Brian', 'G', 'brian@vendori.com', 'brian@vendori.com', null, false, true, 'N/A', 'US/Pacific', false, true, '2023-03-01 02:18:57.679919 +00:00', '2023-03-01 02:18:57.679919 +00:00', null, 'Vendo', null, null, null),
        (49, 9, 206, 29, null, '{Full Name}', 'https://files.vendori.com/images/f7fb8fe3-6f06-4838-9a40-5a039f84d246.png?Expires=1712945053&Policy=eyJTdGF0ZW1lbnQiOlt7IlJlc291cmNlIjoiaHR0cHM6Ly9maWxlcy52ZW5kb3JpLmNvbS9pbWFnZXMvZjdmYjhmZTMtNmYwNi00ODM4LTlhNDAtNWEwMzlmODRkMjQ2LnBuZyIsIkNvbmRpdGlvbiI6eyJEYXRlTGVzc1RoYW4iOnsiQVdTOkVwb2NoVGltZSI6MTcxMjk0NTA1M319fV19&Signature=aMDCnPfo1jp6tNC0cfQxH24CYXUrc2UqqCIkVmR9TcPSEDyrCakWnrb3FVVGjozemsLeWo-p5QiVxhJPZzFoqQPfoCgEVLBijxp~dYUYA19-h2~5SfOdIW5vQba7Sgtj2BSZYVg9SU81lxQCwtgoe0ClPp8nPFwh1sGd~R3T-7HXGnv8~pcZ26VtVG0Ii407XPWOIhNYurTLCAkwQ2pwBBnHjOeW7C4roTbDKEolXeLkV01B0xnlL6OuI5uIxq2USLvGns1I9tDTQyzkh8teo3dwT-u3kz-HbS-PX~q7F9acGc5YfrzQuV8BtSpMqRNdTErNTg~~qPswLyxnLS3Bug__&Key-Pair-Id=K3W4UV0J4B6YE7', 'Oscar', 'Vendori', 'oscar+vendori+1@bloodandtreasure.com', 'oscar+vendori+1@bloodandtreasure.com', null, false, true, 'America/Los_Angeles', 'America/Los_Angeles', false, true, '2023-04-10 08:43:59.787412 +00:00', '2023-04-10 08:43:59.787412 +00:00', null, null, null, null, null),
        (50, 9, 206, 29, null, '{Full Name}', 'https://files.vendori.com/images/f7fb8fe3-6f06-4838-9a40-5a039f84d246.png?Expires=1712945053&Policy=eyJTdGF0ZW1lbnQiOlt7IlJlc291cmNlIjoiaHR0cHM6Ly9maWxlcy52ZW5kb3JpLmNvbS9pbWFnZXMvZjdmYjhmZTMtNmYwNi00ODM4LTlhNDAtNWEwMzlmODRkMjQ2LnBuZyIsIkNvbmRpdGlvbiI6eyJEYXRlTGVzc1RoYW4iOnsiQVdTOkVwb2NoVGltZSI6MTcxMjk0NTA1M319fV19&Signature=aMDCnPfo1jp6tNC0cfQxH24CYXUrc2UqqCIkVmR9TcPSEDyrCakWnrb3FVVGjozemsLeWo-p5QiVxhJPZzFoqQPfoCgEVLBijxp~dYUYA19-h2~5SfOdIW5vQba7Sgtj2BSZYVg9SU81lxQCwtgoe0ClPp8nPFwh1sGd~R3T-7HXGnv8~pcZ26VtVG0Ii407XPWOIhNYurTLCAkwQ2pwBBnHjOeW7C4roTbDKEolXeLkV01B0xnlL6OuI5uIxq2USLvGns1I9tDTQyzkh8teo3dwT-u3kz-HbS-PX~q7F9acGc5YfrzQuV8BtSpMqRNdTErNTg~~qPswLyxnLS3Bug__&Key-Pair-Id=K3W4UV0J4B6YE7', 'Demo', 'Admin', 'demo_admin@vendori.com', 'demo_admin@vendori.com', '+1 (234) 567-8900', false, true, 'New York', 'America/New_York', false, true, '2023-02-27 17:18:52.570477 +00:00', '2023-02-27 17:18:52.570477 +00:00', null, null, null, null, null);

insert into oem.oem_pricing_models (pricing_model_id, company_id, model_name, model_type, pricing_type, unit_metric, unit_duration, tiers_enabled, is_enabled, created_at, updated_at)
values  (29, 9, 'Services - Subscription', 'Subscription', 'Flat', 'Hour', 'Per Week', true, true, '2023-04-07 00:23:59.377610 +00:00', '2023-04-07 00:23:59.377610 +00:00'),
        (30, 9, 'Services - Consumption (per hour)', 'Consumption', 'Flat', 'Hour', 'Consumed', true, true, '2023-05-08 14:57:09.961349 +00:00', '2023-05-08 14:57:09.961349 +00:00'),
        (31, 9, 'Software - SaaS', 'Subscription', 'Tiered', 'User', 'Per Calendar Year', true, true, '2023-02-27 17:18:52.815687 +00:00', '2023-02-27 17:18:52.815687 +00:00'),
        (32, 9, 'Software - OnPremise', 'One Time / Non-Recurring', 'Flat', 'User', 'One-Time / Non-Recurring', true, true, '2023-05-08 14:46:55.523499 +00:00', '2023-05-08 14:46:55.523499 +00:00'),
        (33, 9, 'Hardware - One-Time', 'One Time / Non-Recurring', 'Flat', 'Unit', 'One-Time / Non-Recurring', true, true, '2023-05-08 14:57:48.717249 +00:00', '2023-05-08 14:57:48.717249 +00:00');

insert into oem.oem_products (product_id, company_id, product_hierarchy_id, owner_user_id, pricing_model_id, sku_number, product_name, is_enabled, created_at, updated_at, eligible_for, term, term_type, same_unit_price_for_all_tiers, billing_frequency, custom_billing_frequency_settings, type, bundle_settings, product_availability, sf_product_id, sf_price_book_id, display_url, last_modifier_user_id, product_description, product_code)
values  (54, 9, 207, 48, 31, '123456', 'Demo_SaaS-Standard', true, '2023-05-08 14:46:33.658623 +00:00', '2023-05-16 14:59:27.053500 +00:00', '{Extension,Expansion,Renewal,Cancellation/Termination}', 3, 'years', true, 'Annually (Calendar)', '{}', 'Product', '[]', '{Current}', null, null, null, null, null, null),
        (69, 9, 207, 48, 31, '123456', 'Demo_SaaS-Premium', true, '2023-05-16 14:59:45.156246 +00:00', '2023-05-30 17:34:38.674096 +00:00', '{Extension,Expansion,Renewal,Cancellation/Termination}', 3, 'years', true, 'Annually (Calendar)', '{}', 'Product', '[]', '{Current}', null, null, null, null, null, null),
        (68, 9, 207, 48, null, '1234', 'Demo_Computer-Monitor_Bundle', true, '2023-05-16 15:08:07.482874 +00:00', '2023-05-16 15:08:07.482874 +00:00', '{Expansion,Extension,Renewal,Cancellation/Termination}', null, null, null, null, '[]', 'BundleEntity', '[{"productId": 31, "isEditable": true, "defaultQuantity": 1}, {"productId": 32, "isEditable": true, "defaultQuantity": 1}]', '{Current}', null, null, null, null, null, null),
        (67, 9, 207, 48, 29, '123456', 'Demo_Offshore_Dev_1', true, '2023-04-07 13:28:55.738350 +00:00', '2023-05-16 14:58:04.281558 +00:00', '{Expansion,Extension}', 2, 'months', true, 'Weekly', '{}', 'Product', '[]', '{Current}', null, null, null, null, null, null),
        (66, 9, 207, 48, 29, '123456', 'Demo_Onshore_Dev_1', true, '2023-04-07 00:25:44.339231 +00:00', '2023-05-16 14:57:55.069240 +00:00', '{Expansion,Extension}', 2, 'months', true, 'Weekly', '{}', 'Product', '[]', '{Current}', null, null, null, null, null, null),
        (65, 9, 207, 48, 29, '123456', 'Demo_Onshore_Architect_1', true, '2023-04-07 00:32:11.440170 +00:00', '2023-05-16 14:57:45.826580 +00:00', '{Expansion,Extension}', 2, 'months', true, 'Weekly', '{}', 'Product', '[]', '{Current}', null, null, null, null, null, null),
        (64, 9, 207, 48, 29, '123456', 'Demo_Nearshore_Dev_1', true, '2023-04-07 13:28:12.211196 +00:00', '2023-05-16 14:57:35.300697 +00:00', '{Expansion,Extension}', 2, 'months', true, 'Weekly', '{}', 'Product', '[]', '{Current}', null, null, null, null, null, null),
        (63, 9, 207, 48, 29, '123456', 'Demo_Offshore_Architect_1', true, '2023-04-07 13:29:16.340516 +00:00', '2023-05-16 14:57:20.264439 +00:00', '{Expansion,Extension}', 2, 'months', true, 'Weekly', '{}', 'Product', '[]', '{Current}', null, null, null, null, null, null),
        (62, 9, 207, 48, 29, '123456', 'Demo_Nearshore_Architect_1', true, '2023-04-07 13:28:29.376785 +00:00', '2023-05-16 14:57:02.874886 +00:00', '{Expansion,Extension}', 2, 'months', true, 'Weekly', '{}', 'Product', '[]', '{Current}', null, null, null, null, null, null),
        (61, 9, 207, 48, null, '1234567890', 'Demo_OnPremise_StdBundle', true, '2023-05-16 15:07:09.156745 +00:00', '2023-05-16 15:07:09.156745 +00:00', '{Expansion,Extension,Renewal,Cancellation/Termination}', null, null, null, null, '[]', 'BundleEntity', '[{"productId": 26, "isEditable": true, "defaultQuantity": 1}, {"productId": 34, "isEditable": true, "defaultQuantity": 1}]', '{Current}', null, null, null, null, null, null),
        (60, 9, 207, 48, 31, '12345678', 'Demo_OnPremise-Maintenance_Premium', true, '2023-05-16 15:04:47.518475 +00:00', '2023-05-16 15:04:47.518475 +00:00', '{Extension,Expansion,Renewal,Cancellation/Termination}', 1, 'years', true, 'Annually (Calendar)', '{}', 'Product', '[]', '{Current}', null, null, null, null, null, null),
        (59, 9, 207, 48, 31, '1234567', 'Demo_OnPremise-Maintenance_Standard', true, '2023-05-16 15:03:50.345743 +00:00', '2023-05-16 15:03:50.345743 +00:00', '{Extension,Expansion,Renewal,Cancellation/Termination}', 1, 'years', true, 'Annually (Calendar)', '{}', 'Product', '[]', '{Current}', null, null, null, null, null, null),
        (58, 9, 207, 48, 32, '1234567', 'Demo_OnPremise-License', true, '2023-05-08 14:47:32.240970 +00:00', '2023-05-16 15:02:58.957677 +00:00', '{Extension,Expansion,Renewal,Cancellation/Termination}', 1, 'years', true, 'Upfront', '{}', 'Product', '[]', '{Current}', null, null, null, null, null, null),
        (57, 9, 207, 48, 30, '123456789', 'Demo_Hourly-Support_Consumption', true, '2023-05-16 15:02:04.181092 +00:00', '2023-05-16 15:02:04.181092 +00:00', '{Extension,Expansion,Renewal,Cancellation/Termination}', 1, 'years', true, 'Annually (Calendar)', '{}', 'Product', '[]', '{Current}', null, null, null, null, null, null),
        (56, 9, 207, 48, 33, '1234', 'Demo_Monitor', true, '2023-05-16 15:01:05.188936 +00:00', '2023-05-16 15:01:05.188936 +00:00', '{Extension,Expansion,Renewal,Cancellation/Termination}', 1, 'years', true, 'Upfront', '{}', 'Product', '[]', '{Current}', null, null, null, null, null, null),
        (55, 9, 207, 48, 33, '12345', 'Demo_Computer', true, '2023-05-16 15:00:28.890986 +00:00', '2023-05-16 15:00:28.890986 +00:00', '{Extension,Expansion,Renewal,Cancellation/Termination}', 1, 'years', true, 'Upfront', '{}', 'Product', '[]', '{Current}', null, null, null, null, null, null);

insert into oem.oem_unit_tiers (unit_tier_id, pricing_model_id, company_id, unit_tier_name, start_range, end_range, is_enabled, created_at, updated_at)
values  (65, 31, 9, 'Tier 3', 301, 400, true, '2023-02-27 17:18:52.824521 +00:00', '2023-02-27 17:18:52.824521 +00:00'),
        (66, 31, 9, 'Tier 4', 401, 500, true, '2023-02-27 17:18:52.824521 +00:00', '2023-02-27 17:18:52.824521 +00:00'),
        (67, 31, 9, 'Tier 5', 501, 600, true, '2023-02-27 17:18:52.824521 +00:00', '2023-02-27 17:18:52.824521 +00:00'),
        (68, 31, 9, 'Tier 2', 206, 300, true, '2023-02-27 17:18:52.824521 +00:00', '2023-02-27 17:18:52.824521 +00:00'),
        (69, 31, 9, 'Tier 1', 1, 205, true, '2023-02-27 17:18:52.824521 +00:00', '2023-02-27 17:18:52.824521 +00:00'),
        (70, 29, 9, 'Tier 1', 1, 9007199254740991, true, '2023-04-07 00:23:59.547762 +00:00', '2023-04-07 00:23:59.547762 +00:00'),
        (71, 32, 9, 'Tier 1', 1, 9007199254740991, true, '2023-05-08 14:46:55.726129 +00:00', '2023-05-08 14:46:55.726129 +00:00'),
        (72, 30, 9, 'Tier 1', 1, 9007199254740991, true, '2023-05-08 14:57:10.141604 +00:00', '2023-05-08 14:57:10.141604 +00:00'),
        (73, 33, 9, 'Tier 1', 1, 9007199254740991, true, '2023-05-08 14:57:48.910251 +00:00', '2023-05-08 14:57:48.910251 +00:00');
